{"stats":{"minecraft:custom":{"minecraft:interact_with_crafting_table":242,"minecraft:open_barrel":60,"minecraft:bell_ring":40,"minecraft:eat_cake_slice":6,"minecraft:leave_game":47,"minecraft:time_since_death":136196,"minecraft:damage_blocked_by_shield":5325,"minecraft:play_time":1912333,"minecraft:deaths":58,"minecraft:jump":20000,"minecraft:interact_with_furnace":99,"minecraft:play_record":10,"minecraft:traded_with_villager":439,"minecraft:sleep_in_bed":65,"the_bumblezone:interact_with_crystalline_flower":76,"minecraft:damage_dealt":57943,"minecraft:interact_with_smoker":13,"minecraft:inspect_dispenser":4,"minecraft:interact_with_smithing_table":3,"minecraft:interact_with_anvil":41,"minecraft:inspect_hopper":85,"minecraft:sneak_time":57265,"the_bumblezone:bumble_bee_chestplate_fly_time":414,"minecraft:interact_with_blast_furnace":40,"minecraft:total_world_time":1912333,"minecraft:tune_noteblock":10,"minecraft:interact_with_stonecutter":15,"minecraft:time_since_rest":35427,"minecraft:swim_one_cm":80873,"minecraft:fly_one_cm":7164736,"minecraft:open_chest":1045,"minecraft:fall_one_cm":518037,"minecraft:animals_bred":162,"minecraft:sprint_one_cm":3115511,"minecraft:drop":1846,"minecraft:talked_to_villager":405,"minecraft:walk_on_water_one_cm":245955,"minecraft:crouch_one_cm":90232,"minecraft:mob_kills":659,"the_bumblezone:carpenter_bee_boots_wall_hang_time":63,"minecraft:interact_with_campfire":22,"minecraft:climb_one_cm":46444,"minecraft:walk_one_cm":4008629,"minecraft:walk_under_water_one_cm":64071,"minecraft:boat_one_cm":253311,"minecraft:raid_trigger":1,"minecraft:pot_flower":1,"minecraft:interact_with_grindstone":5,"minecraft:damage_absorbed":43,"minecraft:damage_taken":28712,"minecraft:aviate_one_cm":181},"minecraft:used":{"minecraft:moss_block":3,"minecraft:spruce_slab":1,"minecraft:poppy":81,"minecraft:ladder":92,"minecraft:chest":36,"minecraft:stone":14,"the_bumblezone:glistering_honey_crystal":7,"minecraft:rotten_flesh":8,"minecraft:skeleton_spawn_egg":2,"minecraft:jungle_slab":1,"the_bumblezone:music_disc_radiance_renren":1,"minecraft:lava_bucket":4,"minecraft:villager_spawn_egg":19,"minecraft:birch_sapling":10,"the_bumblezone:music_disc_life_renren":1,"minecraft:netherite_hoe":38,"friendsandfoes:totem_of_freezing":3,"simplyswords:iron_scythe":215,"aquamirae:sharp_bones":1,"minecraft:bow":29,"minecraft:dark_oak_boat":2,"minecraft:sweet_berries":298,"minecraft:furnace":4,"minecraft:oak_sapling":1,"minecraft:egg":1,"the_bumblezone:music_disc_bee_ware_of_the_temple":1,"minecraft:potato":2,"adventurez:raw_venison":1,"minecraft:green_stained_glass_pane":2,"minecraft:spider_spawn_egg":1,"minecraft:cow_spawn_egg":39,"minecraft:blackstone":1,"the_bumblezone:stinger_spear":68,"minecraft:wooden_pickaxe":20,"minecraft:clay":1,"minecraft:golden_apple":1,"minecraft:glow_berries":16,"minecraft:blast_furnace":6,"minecraft:purple_terracotta":1,"minecraft:lectern":40,"minecraft:spore_blossom":1,"morebows:multi_bow":108,"minecraft:diamond_sword":154,"minecraft:smithing_table":4,"minecraft:birch_log":16,"minecraft:oak_boat":5,"plushies:zombie_villager_plushie":2,"minecraft:stone_sword":69,"minecraft:armor_stand":2,"minecraft:netherrack":77,"minecraft:bee_spawn_egg":1,"minecraft:torch":403,"the_bumblezone:honey_crystal_shield":22,"minecraft:anvil":3,"the_bumblezone:music_disc_knowing_renren":1,"minecraft:chainmail_chestplate":2,"minecraft:flowering_azalea":2,"minecraft:iron_axe":1612,"minecraft:rooted_dirt":1,"minecraft:spawner":12,"minecraft:totem_of_undying":1,"minecraft:barrel":3,"minecraft:blaze_spawn_egg":1,"minecraft:diamond_chestplate":3,"minecraft:beef":3,"comforts:sleeping_bag_white":2,"minecraft:cobbled_deepslate":8,"minecraft:hanging_roots":3,"minecraft:wheat_seeds":1326,"minecraft:water_bucket":120,"the_bumblezone:honey_crystal_shards":9,"minecraft:birch_planks":52,"morebows:iron_bow":1107,"minecraft:fletching_table":3,"minecraft:sheep_spawn_egg":2,"minecraft:mossy_cobblestone":3,"minecraft:oak_slab":6,"minecraft:tnt":7,"minecraft:crafting_table":23,"minecraft:phantom_spawn_egg":3,"minecraft:birch_sign":10,"minecraft:campfire":7,"minecraft:white_bed":26,"minecraft:cake":1,"minecraft:oak_log":1,"minecraft:diamond_pickaxe":2434,"minecraft:iron_pickaxe":2754,"minecraft:cobblestone":369,"minecraft:potion":1,"minecraft:porkchop":1,"minecraft:cooked_porkchop":2,"minecraft:jukebox":1,"minecraft:iron_shovel":951,"minecraft:oak_sign":2,"minecraft:decorated_pot":2,"minecraft:shield":66,"minecraft:iron_sword":625,"minecraft:zombie_spawn_egg":2,"the_bumblezone:music_disc_a_last_first_last":1,"the_bumblezone:music_disc_bee_laxing_with_the_hom_bees":1,"minecraft:bell":6,"minecraft:player_head":1,"minecraft:iron_chestplate":1,"the_bumblezone:crystalline_flower":3,"minecraft:mutton":8,"minecraft:nether_bricks":15,"minecraft:carrot":127,"minecraft:axolotl_bucket":4,"minecraft:milk_bucket":2,"minecraft:obsidian":21,"the_bumblezone:ancient_wax_bricks":1,"minecraft:glass":47,"minecraft:cyan_terracotta":343,"minecraft:warped_nylium":1,"minecraft:iron_helmet":1,"minecraft:dark_oak_sapling":3,"minecraft:diamond_boots":2,"adventurez:cooked_venison":1,"minecraft:stone_pickaxe":1125,"minecraft:birch_leaves":5,"minecraft:dark_oak_sign":2,"minecraft:oak_planks":220,"minecraft:ender_pearl":7,"minecraft:chainmail_helmet":1,"minecraft:diamond_axe":448,"minecraft:sugar_cane":61,"minecraft:white_wool":5,"the_bumblezone:filled_porous_honeycomb_block":1,"minecraft:mushroom_stew":2,"minecraft:light_gray_terracotta":164,"minecraft:lingering_potion":5,"minecraft:shears":110,"plushies:dragon_plushie":4,"minecraft:dark_oak_log":11,"minecraft:bread":88,"minecraft:gravel":1,"minecraft:evoker_spawn_egg":2,"minecraft:chainmail_boots":1,"minecraft:grindstone":3,"minecraft:chain":16,"minecraft:air":1,"minecraft:bone_meal":15,"minecraft:azalea":5,"minecraft:oak_fence":87,"minecraft:flint_and_steel":27,"the_bumblezone:music_disc_drowning_in_despair":1,"minecraft:stone_shovel":3435,"minecraft:redstone":1,"minecraft:spruce_planks":8,"minecraft:stone_hoe":101,"niftycarts:plow":1,"minecraft:oak_door":1,"minecraft:dirt":1233,"minecraft:white_carpet":43,"minecraft:hopper":20,"minecraft:diamond_helmet":2,"the_bumblezone:porous_honeycomb_block":1,"minecraft:bee_nest":2,"minecraft:iron_hoe":14,"minecraft:wooden_axe":119,"minecraft:dark_oak_planks":3,"the_bumblezone:music_disc_honey_bee_rat_faced_boy":1,"the_bumblezone:music_disc_la_bee_da_loca":1,"minecraft:iron_boots":1,"aquamirae:spinefish":1,"the_bumblezone:music_disc_flight_of_the_bumblebee_rimsky_korsakov":1,"minecraft:emerald_block":1,"minecraft:cooked_beef":18,"minecraft:cooked_mutton":82,"minecraft:red_nether_bricks":2,"minecraft:iron_golem_spawn_egg":20,"minecraft:birch_boat":14,"minecraft:brown_mushroom":1,"minecraft:stonecutter":1,"minecraft:vindicator_spawn_egg":3,"minecraft:cobblestone_slab":1,"the_bumblezone:pollen_puff":32,"simplyswords:iron_twinblade":203,"bosses_of_mass_destruction:soul_star":8,"minecraft:smoker":1,"minecraft:flower_pot":1,"minecraft:apple":3,"minecraft:stone_slab":2,"the_bumblezone:honey_crystal":2,"minecraft:stone_axe":597,"minecraft:white_banner":64,"minecraft:bucket":130,"minecraft:yellow_bed":18,"minecraft:pumpkin_pie":7,"the_bumblezone:bumble_bee_chestplate_1":2,"minecraft:wither_rose":4,"minecraft:splash_potion":54,"minecraft:pillager_spawn_egg":18},"minecraft:broken":{"minecraft:iron_boots":1,"minecraft:iron_chestplate":1,"minecraft:iron_leggings":2,"minecraft:iron_hoe":2,"simplyswords:iron_scythe":1,"minecraft:iron_axe":4,"minecraft:iron_pickaxe":9,"minecraft:iron_helmet":1,"minecraft:iron_shovel":1,"the_bumblezone:honey_crystal_shield":1,"minecraft:stone_pickaxe":9,"minecraft:stone_axe":4,"minecraft:wooden_axe":1,"minecraft:stone_shovel":25},"minecraft:mined":{"minecraft:dark_oak_planks":3,"minecraft:white_bed":18,"minecraft:red_nether_bricks":5,"minecraft:obsidian":25,"minecraft:hopper":16,"minecraft:spawner":14,"minecraft:weeping_vines_plant":1,"minecraft:magma_block":3,"minecraft:fire":16,"minecraft:barrel":3,"the_bumblezone:crystalline_flower":1,"minecraft:moss_carpet":2,"minecraft:fletching_table":3,"minecraft:nether_brick_stairs":4,"minecraft:twisting_vines":3,"minecraft:cave_vines":13,"minecraft:oak_sign":2,"minecraft:dirt_path":105,"minecraft:oak_stairs":104,"minecraft:white_banner":2,"minecraft:player_head":1,"minecraft:brown_mushroom":3,"minecraft:crimson_nylium":37,"minecraft:torch":22,"minecraft:blast_furnace":7,"minecraft:glass":31,"minecraft:sugar_cane":126,"minecraft:birch_sapling":2,"minecraft:white_terracotta":32,"minecraft:chain":16,"minecraft:wheat":1154,"minecraft:wither_rose":4,"minecraft:grass":78,"minecraft:smooth_basalt":1,"minecraft:red_mushroom_block":51,"minecraft:deepslate":13,"minecraft:mossy_cobblestone":13,"minecraft:dark_oak_log":105,"minecraft:nether_bricks":28,"minecraft:dark_oak_fence":2,"minecraft:crimson_roots":1,"the_bumblezone:carvable_wax":1,"the_bumblezone:filled_porous_honeycomb_block":5,"minecraft:moss_block":27,"minecraft:big_dripleaf_stem":1,"minecraft:vine":9,"minecraft:cobblestone_slab":3,"minecraft:warped_stem":5,"the_bumblezone:honey_crystal":6,"minecraft:white_wool":6,"minecraft:smithing_table":4,"minecraft:oak_slab":7,"minecraft:glass_pane":12,"minecraft:hanging_roots":1,"minecraft:dandelion":1,"minecraft:emerald_ore":4,"minecraft:warped_roots":2,"minecraft:campfire":1,"minecraft:copper_ore":3,"minecraft:tall_grass":14,"minecraft:deepslate_gold_ore":2,"minecraft:big_dripleaf":4,"minecraft:warped_wart_block":5,"minecraft:black_stained_glass":4,"minecraft:white_carpet":40,"minecraft:birch_leaves":87,"minecraft:dark_oak_sign":2,"minecraft:gravel":5,"minecraft:cobweb":28,"minecraft:fern":14,"minecraft:spruce_planks":6,"minecraft:farmland":83,"minecraft:jungle_slab":2,"minecraft:cobblestone_stairs":3,"minecraft:cave_vines_plant":23,"minecraft:grass_block":1407,"the_bumblezone:sticky_honey_residue":1,"minecraft:red_nether_brick_stairs":2,"minecraft:iron_ore":108,"minecraft:flowering_azalea_leaves":2,"minecraft:birch_wall_sign":8,"minecraft:azalea_leaves":5,"minecraft:azalea":4,"minecraft:cyan_terracotta":431,"minecraft:blackstone":3,"minecraft:twisting_vines_plant":5,"the_bumblezone:pile_of_pollen":30,"minecraft:clay":117,"minecraft:light_gray_terracotta":323,"minecraft:calcite":1,"minecraft:poppy":13,"minecraft:chest":8,"minecraft:mushroom_stem":7,"minecraft:nether_quartz_ore":13,"minecraft:cobblestone":205,"minecraft:honeycomb_block":7,"minecraft:oak_planks":297,"minecraft:grindstone":2,"minecraft:wall_torch":20,"the_bumblezone:porous_honeycomb_block":5,"minecraft:warped_nylium":15,"minecraft:birch_log":227,"minecraft:orange_tulip":5,"minecraft:oak_log":166,"minecraft:sand":154,"minecraft:dirt":683,"minecraft:dispenser":1,"minecraft:netherrack":355,"minecraft:oak_leaves":137,"minecraft:emerald_block":1,"minecraft:nether_gold_ore":12,"minecraft:yellow_wall_banner":1,"minecraft:dark_oak_leaves":38,"minecraft:potted_wither_rose":1,"minecraft:deepslate_diamond_ore":2,"minecraft:oak_door":4,"the_bumblezone:glistering_honey_crystal":12,"minecraft:ladder":1,"minecraft:glow_lichen":1,"minecraft:purple_terracotta":2,"minecraft:decorated_pot":2,"minecraft:brown_mushroom_block":52,"minecraft:rooted_dirt":1,"minecraft:large_fern":16,"minecraft:furnace":3,"minecraft:carrots":41,"minecraft:nether_sprouts":1,"minecraft:peony":1,"minecraft:bell":6,"minecraft:bookshelf":10,"minecraft:deepslate_iron_ore":12,"minecraft:stripped_oak_log":64,"minecraft:stone":1113,"minecraft:flowering_azalea":3,"minecraft:oak_fence":24,"minecraft:crafting_table":17,"minecraft:oak_wood":3,"minecraft:rose_bush":1,"minecraft:lectern":37,"minecraft:stone_slab":6,"minecraft:deepslate_coal_ore":17,"minecraft:birch_planks":47,"minecraft:beehive":2,"minecraft:sweet_berry_bush":113,"minecraft:white_wall_banner":9,"minecraft:bee_nest":2,"minecraft:yellow_bed":18,"minecraft:coal_ore":181,"minecraft:cyan_carpet":1},"minecraft:picked_up":{"minecraft:chainmail_boots":3,"minecraft:flower_pot":1,"minecraft:lead":6,"minecraft:smithing_table":5,"minecraft:stone_slab":7,"minecraft:bee_spawn_egg":2,"minecraft:oak_stairs":104,"minecraft:wither_rose":9,"minecraft:enchanted_book":2,"minecraft:string":141,"minecraft:red_nether_bricks":7,"minecraft:beetroot":1,"the_bumblezone:music_disc_knowing_renren":1,"minecraft:gold_nugget":73,"minecraft:cobbled_deepslate":11,"bosses_of_mass_destruction:soul_star":12,"minecraft:spruce_planks":8,"minecraft:iron_golem_spawn_egg":7,"hangglider:hang_glider":17,"the_bumblezone:honey_bee_leggings_1":1,"minecraft:coal_block":1,"minecraft:jukebox":1,"minecraft:big_dripleaf":25,"minecraft:honeycomb_block":14,"the_bumblezone:bee_stinger":54,"minecraft:yellow_banner":4,"minecraft:phantom_spawn_egg":4,"minecraft:stone_sword":3,"minecraft:cow_spawn_egg":1,"minecraft:cyan_terracotta":629,"minecraft:white_terracotta":31,"minecraft:blaze_rod":15,"minecraft:birch_log":253,"minecraft:magma_block":3,"minecraft:feather":8,"minecraft:cooked_beef":22,"minecraft:brown_wool":1,"minecraft:dark_oak_boat":5,"exposure:aged_photograph":3,"minecraft:flint":7,"minecraft:twisting_vines":22,"minecraft:hanging_roots":3,"minecraft:dark_oak_sign":4,"minecraft:glowstone_dust":1,"minecraft:moss_block":36,"minecraft:honeycomb":9,"the_bumblezone:music_disc_bee_ware_of_the_temple":1,"minecraft:vindicator_spawn_egg":2,"minecraft:sheep_spawn_egg":6,"minecraft:warped_wart_block":5,"minecraft:dark_oak_log":361,"minecraft:barrel":3,"scout:tanned_leather":20,"minecraft:dispenser":1,"minecraft:blue_ice":12,"the_bumblezone:honey_crystal_shield":2,"minecraft:chainmail_helmet":2,"minecraft:bread":40,"minecraft:rooted_dirt":1,"minecraft:deepslate_coal_ore":2,"minecraft:dark_oak_fence":3,"minecraft:crimson_roots":2,"the_bumblezone:music_disc_life_renren":1,"the_bumblezone:porous_honeycomb_block":31,"minecraft:crafting_table":26,"minecraft:bee_nest":2,"minecraft:clay_ball":1444,"minecraft:golden_pickaxe":1,"friendsandfoes:totem_of_illusion":1,"minecraft:spider_spawn_egg":2,"minecraft:flint_and_steel":7,"minecraft:white_carpet":112,"minecraft:deepslate_diamond_ore":2,"minecraft:beef":95,"the_bumblezone:music_disc_drowning_in_despair":1,"minecraft:poppy":157,"minecraft:spruce_slab":3,"minecraft:chest":9,"minecraft:birch_sapling":29,"minecraft:diamond_hoe":2,"minecraft:egg":1,"minecraft:stone":14,"minecraft:oak_door":5,"minecraft:cake":5,"minecraft:carrot":164,"minecraft:redstone":139,"minecraft:stone_shovel":14,"minecraft:decorated_pot":2,"minecraft:peony":1,"minecraft:shears":5,"minecraft:totem_of_undying":138,"minecraft:gold_ingot":18,"minecraft:glow_berries":26,"minecraft:mutton":117,"minecraft:white_wool":338,"minecraft:stripped_oak_log":64,"minecraft:birch_leaves":91,"minecraft:red_mushroom":15,"the_bumblezone:music_disc_flight_of_the_bumblebee_rimsky_korsakov":1,"minecraft:filled_map":6,"minecraft:oak_log":160,"minecraft:white_banner":103,"minecraft:spawner":19,"minecraft:apple":6,"minecraft:warped_stem":6,"minecraft:spore_blossom":1,"minecraft:stone_pickaxe":2,"minecraft:cobweb":6,"minecraft:glass_bottle":4,"the_bumblezone:crystalline_flower":3,"minecraft:iron_sword":2,"minecraft:flowering_azalea":2,"minecraft:smooth_basalt":1,"minecraft:dark_oak_slab":3,"minecraft:sweet_berries":607,"minecraft:gravel":1,"the_bumblezone:filled_porous_honeycomb_block":3,"minecraft:oak_wood":1,"minecraft:stone_axe":13,"minecraft:birch_sign":4,"morebows:iron_bow":2,"minecraft:warped_roots":2,"minecraft:baked_potato":1,"minecraft:warped_nylium":1,"minecraft:hopper":16,"minecraft:ender_pearl":13,"minecraft:wheat":1444,"the_bumblezone:honey_crystal_shards":944,"minecraft:green_stained_glass_pane":2,"spawnermod:spawner_key":8,"minecraft:potion":1,"minecraft:raw_copper":32,"minecraft:iron_leggings":2,"minecraft:armor_stand":12,"minecraft:purple_banner":16,"minecraft:oak_sign":2,"the_bumblezone:honey_crystal":5,"minecraft:bucket":1,"comforts:sleeping_bag_white":3,"minecraft:rose_bush":1,"minecraft:cobblestone_slab":4,"minecraft:calcite":1,"minecraft:azalea":8,"minecraft:iron_pickaxe":2,"minecraft:iron_boots":2,"minecraft:furnace":6,"minecraft:stick":536,"minecraft:oak_fence":24,"minecraft:torch":1132,"minecraft:porkchop":11,"the_bumblezone:bumble_bee_chestplate_1":1,"minecraft:rotten_flesh":63,"minecraft:obsidian":25,"adventurez:orc_skin":17,"minecraft:cobblestone":1457,"minecraft:leather_chestplate":1,"minecraft:magma_cream":2,"minecraft:potato":4,"minecraft:dirt":2951,"minecraft:name_tag":6,"minecraft:glass":86,"minecraft:bone":49,"minecraft:bow":5,"minecraft:orange_tulip":13,"minecraft:wheat_seeds":3172,"adventurez:raw_venison":1,"minecraft:raw_gold":24,"minecraft:bell":9,"minecraft:grindstone":2,"minecraft:fletching_table":3,"minecraft:oak_planks":361,"friendsandfoes:totem_of_freezing":3,"the_bumblezone:stingless_bee_helmet_1":1,"minecraft:cooked_porkchop":6,"minecraft:poisonous_potato":6,"minecraft:enderman_spawn_egg":2,"minecraft:sand":148,"minecraft:nether_brick_stairs":1,"minecraft:jungle_slab":13,"minecraft:mossy_cobblestone":12,"minecraft:skeleton_spawn_egg":5,"minecraft:light_gray_terracotta":404,"minecraft:sugar":20,"minecraft:clay":1,"minecraft:crossbow":44,"minecraft:emerald":923,"minecraft:oak_sapling":23,"minecraft:netherrack":165,"minecraft:charcoal":6,"minecraft:blaze_spawn_egg":1,"minecraft:ladder":62,"minecraft:brown_mushroom":102,"minecraft:chain":16,"the_bumblezone:music_disc_a_last_first_last":1,"minecraft:shield":2,"minecraft:moss_carpet":3,"minecraft:iron_axe":10,"minecraft:item_frame":3,"minecraft:cyan_carpet":3,"minecraft:blackstone":3,"minecraft:oak_boat":9,"immersive_melodies:trumpet":5,"minecraft:player_head":1,"the_bumblezone:music_disc_radiance_renren":1,"minecraft:lectern":42,"minecraft:sugar_cane":411,"minecraft:phantom_membrane":29,"minecraft:dark_oak_sapling":5,"minecraft:raw_iron":239,"minecraft:copper_ingot":21,"minecraft:bowl":5,"minecraft:stone_pressure_plate":1,"minecraft:purple_terracotta":1,"minecraft:dark_oak_planks":193,"minecraft:arrow":1761,"simplyswords:iron_scythe":1,"the_bumblezone:glistering_honey_crystal":13,"minecraft:pumpkin_pie":10,"minecraft:nether_bricks":21,"minecraft:saddle":6,"minecraft:glistering_melon_slice":6,"minecraft:nether_brick_wall":2,"minecraft:salmon":1,"minecraft:leather":113,"the_bumblezone:music_disc_la_bee_da_loca":1,"minecraft:birch_planks":200,"minecraft:mushroom_stew":2,"minecraft:chainmail_chestplate":4,"minecraft:yellow_bed":18,"minecraft:gunpowder":93,"minecraft:cobblestone_stairs":3,"minecraft:cooked_mutton":7,"minecraft:iron_ingot":875,"minecraft:cooked_chicken":7,"the_bumblezone:carpenter_bee_boots_1":1,"minecraft:book":204,"minecraft:pillager_spawn_egg":22,"minecraft:oak_slab":7,"minecraft:warped_fungus":1,"minecraft:emerald_block":1,"minecraft:birch_boat":26,"minecraft:quartz":51,"minecraft:dandelion":5,"the_bumblezone:music_disc_honey_bee_rat_faced_boy":1,"minecraft:blast_furnace":15,"minecraft:white_bed":21,"minecraft:spider_eye":14,"the_bumblezone:music_disc_bee_laxing_with_the_hom_bees":1,"adventurez:cooked_venison":1,"minecraft:chainmail_leggings":1,"immersive_melodies:didgeridoo":2,"the_bumblezone:pollen_puff":98,"minecraft:netherite_hoe":1,"minecraft:black_wool":1,"minecraft:coal":474},"minecraft:crafted":{"minecraft:smooth_stone":3,"the_bumblezone:honey_crystal_shield":1,"the_bumblezone:stinger_spear":1,"minecraft:blaze_powder":2,"minecraft:birch_boat":5,"minecraft:cooked_mutton":80,"spawnermod:spawner_key":1,"minecraft:glass":167,"minecraft:diamond_helmet":1,"minecraft:diamond_leggings":2,"minecraft:flower_pot":1,"minecraft:emerald":290,"minecraft:diamond_axe":6,"minecraft:copper_ingot":12,"minecraft:campfire":5,"the_bumblezone:glistering_honey_crystal":47,"minecraft:iron_pickaxe":11,"minecraft:iron_block":6,"minecraft:elytra":1,"scout:satchel_strap":2,"niftycarts:plow":1,"hangglider:glider_framework":1,"minecraft:stone_shovel":52,"minecraft:diamond_hoe":6,"comforts:sleeping_bag_white":1,"immersive_melodies:triangle":1,"immersive_melodies:flute":1,"minecraft:bone_meal":15,"hangglider:glider_wing":2,"minecraft:white_carpet":27,"niftycarts:wheel":2,"minecraft:diamond":2,"minecraft:ladder":102,"minecraft:stone_pickaxe":8,"minecraft:diamond_boots":2,"minecraft:dark_oak_planks":296,"minecraft:chainmail_leggings":7,"minecraft:enchanted_book":2,"minecraft:chainmail_boots":6,"minecraft:wooden_axe":2,"minecraft:iron_shovel":4,"minecraft:white_bed":10,"minecraft:note_block":3,"minecraft:brick":3,"minecraft:grindstone":1,"minecraft:oak_planks":628,"scout:satchel":1,"hangglider:hang_glider":1,"minecraft:stone":7,"minecraft:hopper":4,"minecraft:bow":1,"minecraft:iron_boots":13,"minecraft:chest":39,"morebows:iron_bow":4,"minecraft:stone_hoe":1,"minecraft:ender_eye":2,"minecraft:oak_fence":63,"minecraft:smoker":1,"minecraft:oak_slab":6,"minecraft:arrow":352,"minecraft:crafting_table":7,"minecraft:wooden_pickaxe":1,"minecraft:iron_helmet":1,"minecraft:birch_planks":736,"simplyswords:iron_scythe":1,"minecraft:book":2,"minecraft:iron_chestplate":1,"minecraft:paper":6,"minecraft:diamond_pickaxe":1,"minecraft:emerald_block":27,"minecraft:shield":14,"the_bumblezone:sticky_honey_residue":2,"minecraft:stick":1728,"minecraft:iron_ingot":41,"minecraft:stone_sword":1,"minecraft:shears":2,"simplyswords:iron_twinblade":1,"minecraft:blast_furnace":1,"minecraft:stone_button":1,"minecraft:furnace":2,"minecraft:mushroom_stew":2,"minecraft:dark_oak_sign":3,"minecraft:flint_and_steel":2,"immersive_melodies:piano":1,"minecraft:iron_axe":26,"minecraft:iron_hoe":3,"morebows:multi_bow":1,"minecraft:diamond_sword":2,"minecraft:iron_sword":9,"minecraft:bell":8,"minecraft:bucket":4,"minecraft:stone_axe":9,"minecraft:bread":222,"minecraft:air":0,"minecraft:oak_boat":1,"minecraft:stonecutter":1,"minecraft:anvil":2,"minecraft:torch":460,"minecraft:diamond_chestplate":1},"minecraft:killed":{"minecraft:cave_spider":1,"minecraft:skeleton":39,"friendsandfoes:glare":1,"adventurez:blaze_guardian":2,"minecraft:chicken":3,"minecraft:cat":7,"minecraft:magma_cube":3,"minecraft:salmon":1,"minecraft:iron_golem":63,"minecraft:pillager":165,"minecraft:zombie":56,"minecraft:cow":47,"minecraft:evoker":11,"minecraft:vindicator":24,"minecraft:horse":2,"adventurez:orc":6,"minecraft:husk":1,"graveyard:ghoul":1,"minecraft:wandering_trader":2,"minecraft:ravager":1,"adventurez:deer":1,"minecraft:enderman":4,"minecraft:witch":7,"graveyard:skeleton_creeper":1,"minecraft:spider":21,"minecraft:illusioner":3,"minecraft:piglin":1,"minecraft:pig":6,"minecraft:creeper":21,"minecraft:sheep":62,"minecraft:trader_llama":4,"minecraft:blaze":8,"minecraft:vex":21,"minecraft:phantom":25,"friendsandfoes:iceologer":2,"minecraft:squid":3,"minecraft:wither_skeleton":1},"minecraft:dropped":{"minecraft:iron_sword":11,"minecraft:cooked_beef":1,"immersive_melodies:trumpet":4,"minecraft:glass_bottle":5,"minecraft:crafting_table":1,"minecraft:cooked_porkchop":2,"minecraft:orange_tulip":1,"minecraft:crossbow":37,"minecraft:glow_berries":10,"minecraft:item_frame":2,"minecraft:emerald":418,"minecraft:dirt":520,"minecraft:dark_oak_fence":3,"minecraft:gold_nugget":67,"minecraft:sand":115,"the_bumblezone:honey_crystal_shards":175,"minecraft:iron_pickaxe":2,"minecraft:dark_oak_planks":6,"minecraft:dark_oak_boat":1,"minecraft:green_stained_glass_pane":2,"minecraft:white_wool":32,"the_bumblezone:sticky_honey_residue":2,"minecraft:bone":16,"minecraft:oak_door":1,"minecraft:stone_axe":13,"minecraft:sugar_cane":5,"minecraft:wheat":96,"minecraft:birch_sapling":8,"minecraft:rotten_flesh":8,"minecraft:oak_planks":54,"minecraft:glowstone_dust":1,"minecraft:white_bed":4,"bosses_of_mass_destruction:soul_star":1,"minecraft:ladder":11,"minecraft:yellow_banner":1,"minecraft:spruce_slab":1,"minecraft:red_nether_bricks":5,"minecraft:glass":176,"minecraft:beef":5,"minecraft:warped_wart_block":5,"minecraft:enchanted_book":3,"minecraft:iron_ingot":270,"minecraft:birch_leaves":86,"minecraft:wheat_seeds":691,"the_bumblezone:glistering_honey_crystal":1,"scout:tanned_leather":12,"minecraft:iron_golem_spawn_egg":2,"minecraft:book":72,"minecraft:cobblestone":36,"minecraft:apple":2,"minecraft:chainmail_helmet":2,"minecraft:coal":41,"minecraft:mushroom_stew":2,"minecraft:cobweb":2,"minecraft:jungle_slab":12,"minecraft:wooden_axe":1,"minecraft:rose_bush":2,"minecraft:oak_stairs":50,"minecraft:white_banner":92,"minecraft:iron_shovel":1,"minecraft:chainmail_leggings":7,"minecraft:string":33,"spawnermod:spawner_key":1,"minecraft:stone_sword":4,"minecraft:diamond_hoe":2,"minecraft:stone_shovel":39,"minecraft:clay_ball":178,"minecraft:iron_boots":14,"minecraft:stone_slab":4,"minecraft:nether_bricks":6,"minecraft:blast_furnace":2,"minecraft:big_dripleaf":12,"minecraft:cobblestone_slab":2,"minecraft:flower_pot":1,"adventurez:orc_skin":1,"minecraft:peony":1,"minecraft:stone_pressure_plate":1,"minecraft:spider_eye":6,"minecraft:bow":3,"minecraft:bell":12,"minecraft:black_wool":1,"minecraft:nether_brick_stairs":1,"morebows:multi_bow":1,"minecraft:warped_stem":2,"minecraft:moss_block":11,"minecraft:birch_planks":42,"minecraft:diamond_axe":5,"minecraft:warped_fungus":1,"minecraft:golden_pickaxe":1,"the_bumblezone:pollen_puff":1,"minecraft:leather":15,"minecraft:honeycomb":1,"minecraft:cyan_terracotta":16,"minecraft:dark_oak_log":21,"minecraft:mutton":1,"minecraft:crimson_roots":2,"minecraft:pumpkin_pie":10,"minecraft:glistering_melon_slice":6,"minecraft:birch_log":11,"minecraft:gold_ingot":8,"minecraft:honeycomb_block":7,"minecraft:armor_stand":2,"minecraft:blackstone":2,"minecraft:twisting_vines":16,"the_bumblezone:honey_crystal_shield":1,"minecraft:cooked_mutton":5,"minecraft:carrot":12,"minecraft:chainmail_chestplate":4,"minecraft:poppy":83,"minecraft:leather_chestplate":1,"minecraft:gunpowder":8,"minecraft:azalea":1,"minecraft:chest":2,"minecraft:chainmail_boots":9,"immersive_melodies:didgeridoo":2,"comforts:sleeping_bag_white":1,"minecraft:arrow":1255,"minecraft:quartz":8,"minecraft:oak_leaves":64,"minecraft:netherrack":61,"minecraft:spawner":2,"minecraft:bread":60,"minecraft:oak_slab":6,"minecraft:mossy_cobblestone":3,"minecraft:poisonous_potato":6,"minecraft:lead":2,"minecraft:nether_brick_wall":2,"minecraft:stick":36,"minecraft:milk_bucket":1,"the_bumblezone:filled_porous_honeycomb_block":2,"minecraft:iron_axe":29,"the_bumblezone:porous_honeycomb_block":1,"minecraft:bucket":1,"minecraft:smooth_basalt":1,"minecraft:redstone":4,"minecraft:sweet_berries":201,"minecraft:raw_copper":20,"minecraft:jukebox":1,"minecraft:light_gray_terracotta":136,"minecraft:totem_of_undying":204,"morebows:iron_bow":3,"simplyswords:iron_scythe":1,"minecraft:shield":14,"minecraft:cake":2,"minecraft:blue_ice":6,"minecraft:oak_boat":2,"minecraft:oak_sapling":4,"minecraft:spruce_log":1,"minecraft:stone_pickaxe":1,"minecraft:wooden_pickaxe":1,"minecraft:calcite":1},"minecraft:killed_by":{"minecraft:pillager":2,"minecraft:vindicator":9,"creeperoverhaul:dark_oak_creeper":1,"minecraft:zombie":1,"minecraft:husk":1,"minecraft:creeper":1,"minecraft:illusioner":1,"minecraft:player":4,"graveyard:ghoul":1,"minecraft:spider":3,"minecraft:enderman":3,"minecraft:iron_golem":7,"adventurez:blaze_guardian":1,"minecraft:bee":1,"adventurez:amethyst_golem":1,"minecraft:skeleton":6}},"DataVersion":3465}